Date,Close,High,Low,Open,Volume
2021-08-09,16258.25,16320.75,16179.05,16281.35,240500
2021-08-10,16280.1,16359.25,16202.25,16274.8,288000
2021-08-11,16282.25,16338.75,16162.55,16327.3,277900
2021-08-12,16364.4,16375.5,16286.9,16303.65,280200
2021-08-13,16529.1,16543.6,16376.3,16385.7,321900
2021-08-16,16563.05,16589.4,16480.75,16518.4,254000
2021-08-17,16614.6,16628.55,16495.4,16545.25,297400
2021-08-18,16568.85,16701.85,16535.85,16691.95,251800
2021-08-20,16450.5,16509.55,16376.05,16382.5,350800
2021-08-23,16496.45,16592.5,16395.7,16592.25,275600
2021-08-24,16624.6,16647.1,16495.3,16561.4,275400
2021-08-25,16634.65,16712.45,16617.5,16654.0,265900
2021-08-26,16636.9,16683.7,16603.4,16627.95,253500
2021-08-27,16705.2,16722.05,16565.6,16642.55,217400
2021-08-30,16931.05,16951.5,16764.85,16775.85,283500
2021-08-31,17132.2,17153.5,16915.85,16947.5,464400
2021-09-01,17076.25,17225.75,17055.05,17185.6,301900
2021-09-02,17234.15,17245.5,17059.7,17095.4,242400
2021-09-03,17323.6,17340.1,17212.2,17262.45,261400
2021-09-06,17377.8,17429.55,17345.55,17399.35,228000
2021-09-07,17362.1,17436.5,17287.0,17401.55,243400
2021-09-08,17353.5,17383.4,17254.2,17375.75,252700
2021-09-09,17369.25,17379.65,17302.7,17312.85,241500
2021-09-13,17355.3,17378.35,17269.15,17363.55,241100
2021-09-14,17380.0,17438.55,17367.05,17420.35,230400
2021-09-15,17519.45,17532.7,17386.9,17387.65,388200
2021-09-16,17629.5,17644.6,17510.45,17539.2,503300
2021-09-17,17585.15,17792.95,17537.65,17709.65,508300
2021-09-20,17396.9,17622.75,17361.8,17443.85,339100
2021-09-21,17562.0,17578.35,17326.1,17450.5,363600
2021-09-22,17546.65,17610.45,17524.0,17580.9,295200
2021-09-23,17822.95,17843.9,17646.55,17670.85,320500
2021-09-24,17853.2,17947.65,17819.4,17897.45,360100
2021-09-27,17855.1,17943.5,17802.9,17932.2,295700
2021-09-28,17748.6,17912.85,17576.1,17906.45,398000
2021-09-29,17711.3,17781.75,17608.15,17657.95,562200
2021-09-30,17618.15,17742.15,17585.35,17718.9,378600
2021-10-01,17532.05,17557.15,17452.9,17531.9,305800
2021-10-04,17691.25,17750.9,17581.35,17615.55,295800
2021-10-05,17822.3,17833.45,17640.9,17661.35,427000
2021-10-06,17646.0,17884.6,17613.15,17861.5,395800
2021-10-07,17790.35,17857.55,17763.8,17810.55,419900
2021-10-08,17895.2,17941.85,17840.35,17886.85,324100
2021-10-11,17945.95,18041.95,17839.1,17867.55,375800
2021-10-12,17991.95,18008.65,17864.95,17915.8,355600
2021-10-13,18161.75,18197.8,18050.75,18097.85,506700
2021-10-14,18338.55,18350.75,18248.7,18272.85,538700
2021-10-18,18477.05,18543.15,18445.3,18500.1,469900
2021-10-19,18418.75,18604.45,18377.7,18602.35,368200
2021-10-20,18266.6,18458.3,18209.35,18439.9,371300
2021-10-21,18178.1,18384.2,18048.0,18382.7,365900
2021-10-22,18114.9,18314.25,18034.35,18230.7,324700
2021-10-25,18125.4,18241.4,17968.5,18229.5,418700
2021-10-26,18268.4,18310.45,18099.3,18154.5,341400
2021-10-27,18210.95,18342.05,18167.9,18295.85,335200
2021-10-28,17857.25,18190.7,17799.45,18187.65,374200
2021-10-29,17671.65,17915.85,17613.1,17833.05,336500
2021-11-01,17929.65,17954.1,17697.1,17783.15,281200
2021-11-02,17888.95,18012.25,17847.6,17970.9,296400
2021-11-03,17829.2,17988.75,17757.95,17947.95,331000
2021-11-04,17916.8,17947.55,17900.6,17935.05,48500
2021-11-08,18068.55,18087.8,17836.1,18040.2,338900
2021-11-09,18044.25,18112.6,17983.05,18084.35,270200
2021-11-10,18017.2,18061.25,17915.0,17973.45,261400
2021-11-11,17873.6,17971.35,17798.2,17967.45,232100
2021-11-12,18102.75,18123.0,17905.9,17977.6,249100
2021-11-15,18109.45,18210.15,18071.3,18140.95,280400
2021-11-16,17999.2,18132.65,17958.8,18127.05,267400
2021-11-17,17898.65,18022.65,17879.25,17939.35,295700
2021-11-18,17764.8,17945.6,17688.5,17890.55,278400
2021-11-22,17416.55,17805.25,17280.45,17796.25,356400
2021-11-23,17503.35,17553.7,17216.1,17281.75,308800
2021-11-24,17415.05,17600.6,17354.0,17550.05,298100
2021-11-25,17536.25,17564.35,17351.7,17417.3,255900
2021-11-26,17026.45,17355.4,16985.7,17338.75,356300
2021-11-29,17053.95,17160.7,16782.4,17055.8,348900
2021-11-30,16983.2,17324.65,16931.4,17051.15,498000
2021-12-01,17166.9,17213.05,17064.25,17104.4,295500
2021-12-02,17401.65,17420.35,17149.3,17183.2,279900
2021-12-03,17196.7,17489.8,17180.8,17424.9,292500
2021-12-06,16912.25,17216.75,16891.7,17209.05,231700
2021-12-07,17176.7,17251.65,16987.75,17044.1,254100
2021-12-08,17469.75,17484.6,17308.95,17315.25,257800
2021-12-09,17516.85,17543.25,17379.6,17524.4,237200
2021-12-10,17511.3,17534.35,17405.25,17476.05,204500
2021-12-13,17368.25,17639.5,17355.95,17619.1,256600
2021-12-14,17324.9,17376.2,17225.8,17283.2,271000
2021-12-15,17221.4,17351.2,17192.2,17323.65,215000
2021-12-16,17248.4,17379.35,17184.95,17373.0,219500
2021-12-17,16985.2,17298.15,16966.45,17276.0,354600
2021-12-20,16614.2,16840.1,16410.2,16824.25,330600
2021-12-21,16770.85,16936.4,16688.25,16773.15,241000
2021-12-22,16955.45,16971.0,16819.5,16865.55,207900
2021-12-23,17072.6,17118.65,17015.55,17066.8,197000
2021-12-24,17003.75,17155.6,16909.6,17149.5,182600
2021-12-27,17086.25,17112.05,16833.2,16937.75,144800
2021-12-28,17233.25,17250.25,17161.15,17177.6,176000
2021-12-29,17213.6,17285.95,17176.65,17220.1,161700
2021-12-30,17203.95,17264.05,17146.35,17201.45,320800
2021-12-31,17354.05,17400.8,17238.5,17244.5,167000
2022-01-03,17625.7,17646.65,17383.3,17387.15,200500
2022-01-04,17805.25,17827.6,17593.55,17681.4,247400
2022-01-05,17925.25,17944.7,17748.85,17820.1,251500
2022-01-06,17745.9,17797.95,17655.55,17768.5,236500
2022-01-07,17812.7,17905.0,17704.55,17797.6,239300
2022-01-10,18003.3,18017.45,17879.15,17913.3,232400
2022-01-11,18055.75,18081.25,17964.4,17997.75,220200
2022-01-12,18212.35,18227.95,18128.8,18170.4,245000
2022-01-13,18257.8,18272.25,18163.8,18257.0,303700
2022-01-14,18255.75,18286.95,18119.65,18185.0,229500
2022-01-17,18308.1,18321.55,18228.75,18235.65,266700
2022-01-18,18113.05,18350.95,18085.9,18337.2,227500
2022-01-19,17938.4,18129.2,17884.9,18129.2,276700
2022-01-20,17757.0,17943.7,17648.45,17921.0,258100
2022-01-21,17617.15,17707.6,17485.85,17613.7,277600
2022-01-24,17149.1,17599.4,16997.85,17575.15,323800
2022-01-25,17277.95,17309.15,16836.8,17001.55,326500
2022-01-27,17110.15,17182.5,16866.75,17062.0,395600
2022-01-28,17101.95,17373.5,17077.1,17208.3,355300
2022-01-31,17339.85,17410.0,17264.15,17301.05,321700
2022-02-01,17576.85,17622.4,17244.55,17529.45,386400
2022-02-02,17780.0,17794.6,17674.8,17706.2,271200
2022-02-03,17560.2,17781.15,17511.15,17767.75,226600
2022-02-04,17516.3,17617.8,17462.55,17590.2,261400
2022-02-07,17213.6,17536.75,17119.4,17456.3,265000
2022-02-08,17266.75,17306.45,17043.65,17279.85,268500
2022-02-09,17463.8,17477.15,17339.0,17370.1,236400
2022-02-10,17605.85,17639.45,17427.15,17554.1,273600
2022-02-11,17374.75,17454.75,17303.0,17451.0,253100
2022-02-14,16842.8,17099.5,16809.65,17076.15,305500
2022-02-15,17352.45,17375.0,16839.25,16933.25,298700
2022-02-16,17322.2,17490.6,17257.7,17408.45,244500
2022-02-17,17304.6,17442.9,17235.85,17396.55,232100
2022-02-18,17276.3,17380.8,17219.2,17236.05,189600
2022-02-21,17206.65,17351.05,17070.7,17192.25,215200
2022-02-22,17092.2,17148.55,16843.8,16847.95,300100
2022-02-23,17063.25,17220.7,17027.85,17194.5,200200
2022-02-24,16247.95,16705.25,16203.25,16548.9,458000
2022-02-25,16658.4,16748.8,16478.3,16515.65,329800
2022-02-28,16793.9,16815.9,16356.3,16481.6,404200
2022-03-02,16605.95,16678.5,16478.65,16593.1,517700
2022-03-03,16498.05,16768.95,16442.95,16723.2,442100
2022-03-04,16245.35,16456.0,16133.8,16339.45,456100
2022-03-07,15863.15,15944.6,15711.45,15867.95,585400
2022-03-08,16013.45,16028.75,15671.45,15747.75,543600
2022-03-09,16345.35,16418.05,15990.0,16078.0,462200
2022-03-10,16594.9,16757.3,16447.9,16757.1,486400
2022-03-11,16630.45,16694.4,16470.9,16528.8,343700
2022-03-14,16871.3,16887.95,16606.5,16633.7,314700
2022-03-15,16663.0,16927.75,16555.0,16900.65,381600
2022-03-16,16975.35,16987.9,16837.85,16876.65,260000
2022-03-17,17287.05,17344.6,17175.75,17202.9,448300
2022-03-21,17117.6,17353.35,17096.4,17329.5,285500
2022-03-22,17315.5,17334.4,17006.3,17120.4,338300
2022-03-23,17245.65,17442.4,17199.6,17405.05,292100
2022-03-24,17222.75,17291.75,17091.15,17094.95,290300
2022-03-25,17153.0,17294.9,17076.55,17289.0,237100
2022-03-28,17222.0,17235.1,17003.9,17181.85,253200
2022-03-29,17325.3,17343.65,17235.7,17297.2,235100
2022-03-30,17498.25,17522.5,17387.2,17468.15,505000
2022-03-31,17464.75,17559.8,17435.2,17519.2,281100
2022-04-01,17670.45,17703.7,17422.7,17436.9,291800
2022-04-04,18053.4,18114.65,17791.4,17809.1,345500
2022-04-05,17957.4,18095.45,17921.55,18080.6,283500
2022-04-06,17807.65,17901.0,17779.85,17842.75,328800
2022-04-07,17639.55,17787.5,17623.7,17723.3,308800
2022-04-08,17784.35,17842.75,17600.55,17698.15,274400
2022-04-11,17674.95,17779.05,17650.95,17740.9,251700
2022-04-12,17530.3,17595.3,17442.35,17584.85,266000
2022-04-13,17475.65,17663.65,17457.4,17599.9,245100
2022-04-18,17173.65,17237.75,17067.85,17183.45,376100
2022-04-19,16958.65,17275.65,16824.7,17258.95,401400
2022-04-20,17136.55,17186.9,16978.95,17045.25,286100
2022-04-21,17392.6,17414.7,17215.5,17234.6,285200
2022-04-22,17171.95,17315.3,17149.2,17242.75,262700
2022-04-25,16953.95,17054.3,16888.7,17009.05,275700
2022-04-26,17200.8,17223.85,17064.45,17121.3,261100
2022-04-27,17038.4,17110.7,16958.45,17073.35,265100
2022-04-28,17245.05,17322.5,17071.05,17189.5,312900
2022-04-29,17102.55,17377.65,17053.25,17329.25,336200
2022-05-02,17069.1,17092.25,16917.25,16924.45,278200
2022-05-04,16677.6,17132.85,16623.95,17096.6,310600
2022-05-05,16682.65,16945.7,16651.85,16854.75,265800
2022-05-06,16411.25,16484.2,16340.9,16415.55,300500
2022-05-09,16301.85,16403.7,16142.1,16227.7,288400
2022-05-10,16240.05,16404.55,16197.3,16248.9,283100
2022-05-11,16167.1,16318.75,15992.6,16270.05,284300
2022-05-12,15808.0,16041.95,15735.75,16021.1,314900
2022-05-13,15782.15,16083.6,15740.85,15977.0,369100
2022-05-16,15842.3,15977.95,15739.65,15845.1,217600
2022-05-17,16259.3,16284.25,15900.8,15912.6,295700
2022-05-18,16240.3,16399.8,16211.2,16318.15,290400
2022-05-19,15809.4,15984.75,15775.2,15917.4,313900
2022-05-20,16266.15,16283.05,16003.85,16043.8,252400
2022-05-23,16214.7,16414.7,16185.75,16290.95,293800
2022-05-24,16125.15,16262.8,16078.6,16225.55,249800
2022-05-25,16025.8,16223.35,16006.95,16196.35,243300
2022-05-26,16170.15,16204.45,15903.7,16105.0,314300
2022-05-27,16352.45,16370.6,16221.95,16296.6,274100
2022-05-30,16661.4,16695.5,16506.15,16527.9,251400
2022-05-31,16584.55,16690.75,16521.9,16578.45,651600
2022-06-01,16522.75,16649.2,16438.85,16594.4,249600
2022-06-02,16628.0,16646.4,16443.05,16481.65,236000
2022-06-03,16584.3,16793.85,16567.9,16761.65,245500
2022-06-06,16569.55,16610.95,16444.55,16530.7,233600
2022-06-07,16416.35,16487.25,16347.1,16469.6,233800
2022-06-08,16356.25,16514.3,16293.35,16474.95,243500
2022-06-09,16478.1,16492.8,16243.85,16263.85,205000
2022-06-10,16201.8,16324.7,16172.6,16283.95,189700
2022-06-13,15774.4,15886.15,15684.0,15877.55,225500
2022-06-14,15732.1,15858.0,15659.45,15674.25,225400
2022-06-15,15692.15,15783.65,15678.9,15729.25,183000
2022-06-16,15360.6,15863.15,15335.1,15832.25,264700
2022-06-17,15293.5,15400.4,15183.4,15272.65,342600
2022-06-20,15350.15,15382.5,15191.1,15334.5,260000
2022-06-21,15638.8,15707.25,15419.85,15455.95,262800
2022-06-22,15413.3,15565.4,15385.95,15545.65,220900
2022-06-23,15556.65,15628.45,15367.5,15451.55,259200
2022-06-24,15699.25,15749.25,15619.45,15657.4,219600
2022-06-27,15832.05,15927.45,15815.5,15926.2,210900
2022-06-28,15850.2,15892.1,15710.15,15757.45,251900
2022-06-29,15799.1,15861.6,15687.8,15701.7,444900
2022-06-30,15780.25,15890.0,15728.85,15774.5,306000
2022-07-01,15752.05,15793.95,15511.05,15703.7,364100
2022-07-04,15835.35,15852.35,15661.8,15710.5,304300
2022-07-05,15810.85,16025.75,15785.45,15909.15,254200
2022-07-06,15989.8,16011.35,15800.9,15818.2,288400
2022-07-07,16132.9,16150.5,16045.95,16113.75,264600
2022-07-08,16220.6,16275.5,16157.9,16273.65,281100
2022-07-11,16216.0,16248.55,16115.5,16136.15,255900
2022-07-12,16058.3,16158.75,16031.15,16126.2,208600
2022-07-13,15966.65,16140.0,15950.15,16128.2,233300
2022-07-14,15938.65,16070.85,15858.2,16018.85,228600
2022-07-15,16049.2,16066.95,15927.3,16010.8,205800
2022-07-18,16278.5,16287.95,16142.2,16151.4,227700
2022-07-19,16340.55,16359.5,16187.05,16187.05,222600
2022-07-20,16520.85,16588.0,16490.95,16562.8,284400
2022-07-21,16605.25,16626.95,16483.9,16523.55,243600
2022-07-22,16719.45,16752.25,16610.9,16661.25,190900
2022-07-25,16631.0,16706.05,16564.25,16662.55,211400
2022-07-26,16483.85,16636.1,16463.3,16632.9,208200
2022-07-27,16641.8,16653.45,16438.75,16475.35,185200
2022-07-28,16929.6,16947.65,16746.25,16774.85,376300
2022-07-29,17158.25,17172.8,17018.15,17079.5,436100
2022-08-01,17340.05,17356.25,17154.8,17243.2,381500
2022-08-02,17345.45,17390.15,17215.85,17310.15,333600
2022-08-03,17388.15,17407.5,17225.85,17349.25,285400
2022-08-04,17382.0,17490.7,17161.25,17463.1,325000
2022-08-05,17397.5,17474.4,17348.75,17423.65,355300
2022-08-08,17525.1,17548.8,17359.75,17401.5,257000
2022-08-10,17534.75,17566.1,17442.8,17566.1,312700
2022-08-11,17659.0,17719.3,17631.95,17711.65,311200
2022-08-12,17698.15,17724.65,17597.85,17659.65,303900
2022-08-16,17825.25,17839.1,17764.05,17797.2,0
2022-08-17,17944.25,17965.95,17833.35,17868.15,262800
2022-08-18,17956.5,17968.45,17852.05,17898.65,263900
2022-08-19,17758.45,17992.2,17710.75,17966.55,295600
2022-08-22,17490.7,17690.05,17467.35,17682.9,287600
2022-08-23,17577.5,17625.55,17345.2,17357.35,285600
2022-08-24,17604.95,17623.65,17499.25,17525.45,262000
2022-08-25,17522.45,17726.5,17487.45,17679.0,230200
2022-08-26,17558.9,17685.85,17519.35,17619.3,266600
2022-08-29,17312.9,17380.15,17166.2,17188.65,244900
2022-08-30,17759.3,17777.65,17401.5,17414.95,324700
2022-09-01,17542.8,17695.6,17468.45,17485.7,308500
2022-09-02,17539.45,17643.85,17476.45,17598.4,256300
2022-09-05,17665.8,17683.15,17540.35,17546.45,230300
2022-09-06,17655.6,17764.65,17587.65,17695.7,251200
2022-09-07,17624.4,17650.75,17484.3,17519.4,354100
2022-09-08,17798.75,17807.65,17691.95,17748.15,279800
2022-09-09,17833.35,17925.95,17786.0,17923.35,270300
2022-09-12,17936.35,17980.55,17889.15,17890.85,228200
2022-09-13,18070.05,18088.3,18015.45,18044.45,259900
2022-09-14,18003.75,18091.55,17771.15,17771.15,365900
2022-09-15,17877.4,18096.15,17861.5,18046.35,289600
2022-09-16,17530.85,17820.05,17497.25,17796.8,468500
2022-09-19,17622.25,17667.2,17429.7,17540.65,258300
2022-09-20,17816.25,17919.3,17744.4,17770.4,263100
2022-09-21,17718.35,17838.7,17663.6,17766.35,245500
2022-09-22,17629.8,17722.75,17532.45,17609.65,284100
2022-09-23,17327.35,17642.15,17291.65,17593.85,390800
2022-09-26,17016.3,17196.4,16978.3,17156.3,492000
2022-09-27,17007.4,17176.45,16942.35,17110.9,359900
2022-09-28,16858.6,17037.6,16820.4,16870.55,323900
2022-09-29,16818.1,17026.05,16788.6,16993.6,340000
2022-09-30,17094.35,17187.1,16747.7,16798.05,376100
2022-10-03,16887.35,17114.65,16855.55,17102.1,278400
2022-10-04,17274.3,17287.3,17117.3,17147.45,226000
2022-10-06,17331.8,17428.8,17315.65,17379.25,265500
2022-10-07,17314.65,17337.35,17216.95,17287.2,216300
2022-10-10,17241.0,17280.15,17064.7,17094.35,234000
2022-10-11,16983.55,17261.8,16950.3,17256.05,282600
2022-10-12,17123.6,17142.35,16960.05,17025.55,256000
2022-10-13,17014.35,17112.35,16956.95,17087.35,266400
2022-10-14,17185.7,17348.55,17169.75,17322.3,227000
2022-10-17,17311.8,17328.55,17098.55,17144.8,212200
2022-10-18,17486.95,17527.8,17434.05,17438.75,239500
2022-10-19,17512.25,17607.6,17472.85,17568.15,210500
2022-10-20,17563.95,17584.15,17421.0,17423.1,249600
2022-10-21,17576.3,17670.15,17520.75,17622.85,277700
2022-10-24,17730.75,17777.55,17707.4,17736.35,45000
2022-10-25,17656.35,17811.5,17637.0,17808.3,251400
2022-10-27,17736.95,17783.9,17654.5,17771.4,324600
2022-10-28,17786.8,17838.9,17723.7,17756.4,250000
2022-10-31,18012.2,18022.8,17899.9,17910.2,227200
2022-11-01,18145.4,18175.8,18060.15,18130.7,349900
2022-11-02,18082.85,18178.75,18048.65,18177.9,270900
2022-11-03,18052.7,18106.3,17959.2,17968.35,213000
2022-11-04,18117.15,18135.1,18017.15,18053.4,267900
2022-11-07,18202.8,18255.5,18064.75,18211.75,314800
2022-11-09,18157.0,18296.4,18117.5,18288.25,307200
2022-11-10,18028.2,18103.1,17969.4,18044.35,256500
2022-11-11,18349.7,18362.3,18259.35,18272.35,378500
2022-11-14,18329.15,18399.45,18311.4,18376.4,301400
2022-11-15,18403.4,18427.95,18282.0,18362.75,250900
2022-11-16,18409.65,18442.15,18344.15,18398.25,219300
2022-11-17,18343.9,18417.6,18312.95,18358.7,200500
2022-11-18,18307.65,18394.6,18209.8,18382.95,198800
2022-11-21,18159.95,18262.3,18133.35,18246.4,213800
2022-11-22,18244.2,18261.85,18137.7,18179.15,177700
2022-11-23,18267.25,18325.4,18246.0,18325.2,178800
2022-11-24,18484.1,18529.7,18294.25,18326.1,204000
2022-11-25,18512.75,18534.9,18445.1,18528.45,205900
2022-11-28,18562.75,18614.25,18365.6,18430.55,206500
2022-11-29,18618.05,18678.1,18552.15,18552.45,195300
2022-11-30,18758.35,18816.05,18616.55,18625.7,345600
2022-12-01,18812.5,18887.6,18778.2,18871.95,325000
2022-12-02,18696.1,18781.95,18639.2,18752.4,254400
2022-12-05,18701.05,18728.6,18591.35,18719.55,288400
2022-12-06,18642.75,18654.9,18577.9,18600.65,217800
2022-12-07,18560.5,18668.3,18528.4,18638.85,200500
2022-12-08,18609.35,18625.0,18536.95,18570.85,202800
2022-12-09,18496.6,18664.7,18410.1,18662.4,215800
2022-12-12,18497.15,18521.55,18345.7,18402.15,193900
2022-12-13,18608.0,18617.25,18490.2,18524.4,187600
2022-12-14,18660.3,18696.1,18632.9,18671.25,208000
2022-12-15,18414.9,18652.9,18387.7,18614.4,183100
2022-12-16,18269.0,18440.95,18255.15,18319.1,277700
2022-12-19,18420.45,18431.65,18244.55,18288.1,154800
2022-12-20,18385.3,18404.9,18202.65,18340.3,169000
2022-12-21,18199.1,18473.35,18162.75,18435.15,187600
2022-12-22,18127.35,18318.75,18068.6,18288.8,195700
2022-12-23,17806.8,18050.45,17779.5,17977.65,221500
2022-12-26,18014.6,18084.1,17774.25,17830.4,176700
2022-12-27,18132.3,18149.25,17967.45,18089.8,214300
2022-12-28,18122.5,18173.1,18068.35,18084.75,193900
2022-12-29,18191.0,18229.7,17992.8,18045.7,281100
2022-12-30,18105.3,18265.25,18080.3,18259.1,192000
2023-01-02,18197.45,18215.15,18086.5,18131.7,256100
2023-01-03,18232.55,18251.95,18149.8,18163.2,208700
2023-01-04,18042.95,18243.0,18020.6,18230.65,235200
2023-01-05,17992.15,18120.3,17892.6,18101.95,269900
2023-01-06,17859.45,18047.4,17795.55,18008.05,238200
2023-01-09,18101.2,18141.4,17936.15,17952.55,257200
2023-01-10,17914.15,18127.6,17856.0,18121.3,283300
2023-01-11,17895.7,17976.35,17824.35,17924.25,259900
2023-01-12,17858.2,17945.8,17761.65,17920.85,227800
2023-01-13,17956.6,17999.35,17774.25,17867.5,256700
2023-01-16,17894.85,18049.65,17853.65,18033.15,206200
2023-01-17,18053.3,18072.05,17886.95,17922.8,219100
2023-01-18,18165.35,18183.75,18032.45,18074.3,255800
2023-01-19,18107.85,18155.2,18063.75,18119.8,237800
2023-01-20,18027.65,18145.45,18016.2,18115.6,237200
2023-01-23,18118.55,18162.6,18063.45,18118.45,202500
2023-01-24,18118.3,18201.25,18078.65,18183.95,216900
2023-01-25,17891.95,18100.6,17846.15,18093.35,257200
2023-01-27,17604.35,17884.75,17493.55,17877.2,476300
2023-01-30,17648.95,17709.15,17405.55,17541.95,432400
2023-01-31,17662.15,17735.7,17537.55,17731.45,398300
2023-02-01,17616.3,17972.2,17353.4,17811.6,512900
2023-02-02,17610.4,17653.9,17445.95,17517.1,490100
2023-02-03,17854.05,17870.3,17584.2,17721.75,424100
2023-02-06,17764.6,17823.7,17698.35,17818.55,282500
2023-02-07,17721.5,17811.15,17652.55,17790.1,354400
2023-02-08,17871.7,17898.7,17744.15,17750.3,291000
2023-02-09,17893.45,17916.9,17779.8,17885.5,260900
2023-02-10,17856.5,17876.95,17801.0,17847.55,232000
2023-02-13,17770.9,17880.7,17719.75,17859.1,231300
2023-02-14,17929.85,17954.55,17800.05,17840.35,244500
2023-02-15,18015.85,18034.1,17853.8,17896.6,229300
2023-02-16,18035.85,18134.75,18000.65,18094.75,230200
2023-02-17,17944.2,18034.25,17884.6,17974.85,208100
2023-02-20,17844.6,18004.35,17818.4,17965.55,174600
2023-02-21,17826.7,17924.9,17800.3,17905.8,198200
2023-02-22,17554.3,17772.5,17529.45,17755.35,204000
2023-02-23,17511.25,17620.05,17455.4,17574.65,240800
2023-02-24,17465.8,17599.75,17421.8,17591.35,209400
2023-02-27,17392.7,17451.6,17299.0,17428.6,246400
2023-02-28,17303.95,17440.45,17255.2,17383.25,420900
2023-03-01,17450.9,17467.75,17345.25,17360.1,272900
2023-03-02,17321.9,17445.8,17306.0,17421.5,310700
2023-03-03,17594.35,17644.75,17427.7,17451.25,356200
2023-03-06,17711.45,17799.95,17671.95,17680.35,362800
2023-03-08,17754.4,17766.5,17602.25,17665.75,267000
2023-03-09,17589.6,17772.35,17573.6,17772.05,262400
2023-03-10,17412.9,17451.5,17324.35,17443.8,235900
2023-03-13,17154.3,17529.9,17113.45,17421.9,254900
2023-03-14,17043.3,17224.65,16987.1,17160.55,290600
2023-03-15,16972.15,17211.35,16938.9,17166.45,248200
2023-03-16,16985.6,17062.45,16850.15,16994.65,349800
2023-03-17,17100.05,17145.8,16958.15,17111.8,408100
2023-03-20,16988.4,17066.6,16828.35,17066.6,241800
2023-03-21,17107.5,17127.7,17016.0,17060.4,246700
2023-03-22,17151.9,17207.25,17107.85,17177.45,0
2023-03-23,17076.9,17205.4,17045.3,17097.4,219200
2023-03-24,16945.05,17109.45,16917.35,17076.2,228000
2023-03-27,16985.7,17091.0,16918.55,16984.3,218400
2023-03-28,16951.7,17061.75,16913.75,17031.75,238800
2023-03-29,17080.7,17126.15,16940.6,16977.3,345900
2023-03-31,17359.75,17381.6,17204.65,17210.35,263900
2023-04-03,17398.05,17428.05,17312.75,17427.95,230200
2023-04-05,17557.05,17570.55,17402.7,17422.3,248300
2023-04-06,17599.15,17638.7,17502.85,17533.85,242700
2023-04-10,17624.05,17694.1,17597.95,17634.9,254800
2023-04-11,17722.3,17748.75,17655.15,17704.8,304300
2023-04-12,17812.4,17825.75,17717.25,17759.55,232800
2023-04-13,17828.0,17842.15,17729.65,17807.3,285800
2023-04-17,17706.85,17863.0,17574.05,17863.0,357400
2023-04-18,17660.15,17766.6,17610.2,17766.6,258900
2023-04-19,17618.75,17666.15,17579.85,17653.35,281500
2023-04-20,17624.45,17684.45,17584.35,17638.6,215100
2023-04-21,17624.05,17663.2,17553.95,17639.75,230200
2023-04-24,17743.4,17754.5,17612.5,17707.55,255700
2023-04-25,17769.25,17807.45,17716.85,17761.55,297400
2023-04-26,17813.6,17827.75,17711.2,17767.3,233000
2023-04-27,17915.05,17931.6,17797.9,17813.1,241400
2023-04-28,18065.0,18089.15,17885.3,17950.4,290300
2023-05-02,18147.65,18180.25,18101.75,18124.8,265200
2023-05-03,18089.85,18116.35,18042.4,18113.8,226200
2023-05-04,18255.8,18267.45,18066.7,18081.0,226600
2023-05-05,18069.0,18216.95,18055.45,18117.3,239700
2023-05-08,18264.4,18286.95,18100.3,18120.6,228400
2023-05-09,18265.95,18344.2,18229.65,18303.4,245400
2023-05-10,18315.1,18326.75,18211.95,18313.6,220500
2023-05-11,18297.0,18389.7,18270.4,18357.8,248900
2023-05-12,18314.8,18342.75,18194.55,18273.75,241700
2023-05-15,18398.85,18458.9,18287.9,18339.3,216100
2023-05-16,18286.5,18432.35,18264.35,18432.35,219500
2023-05-17,18181.75,18309.0,18115.35,18300.45,229900
2023-05-18,18129.95,18297.2,18104.85,18287.5,272100
2023-05-19,18203.4,18218.1,18060.4,18186.15,260900
2023-05-22,18314.4,18335.25,18178.85,18201.1,262600
2023-05-23,18348.0,18419.75,18324.2,18362.9,270400
2023-05-24,18285.4,18392.6,18262.95,18294.8,232600
2023-05-25,18321.15,18338.1,18202.4,18268.9,235900
2023-05-26,18499.35,18508.55,18333.15,18368.35,198700
2023-05-29,18598.65,18641.2,18581.25,18619.15,265300
2023-05-30,18633.85,18662.45,18575.5,18606.65,234400
2023-05-31,18534.4,18603.9,18483.85,18594.2,696500
2023-06-01,18487.75,18580.3,18464.55,18579.4,265600
2023-06-02,18534.1,18573.7,18478.4,18550.85,270900
2023-06-05,18593.85,18640.15,18582.8,18612.0,256100
2023-06-06,18599.0,18622.75,18531.6,18600.8,220800
2023-06-07,18726.4,18738.95,18636.0,18665.6,260100
2023-06-08,18634.55,18777.9,18615.6,18725.35,286500
2023-06-09,18563.4,18676.65,18555.4,18655.9,221800
2023-06-12,18601.5,18633.6,18559.75,18595.05,179500
2023-06-13,18716.15,18728.9,18631.8,18631.8,233200
2023-06-14,18755.9,18769.7,18690.0,18744.6,261400
2023-06-15,18688.1,18794.1,18669.05,18774.45,263000
2023-06-16,18826.0,18864.7,18710.5,18723.3,272800
2023-06-19,18755.45,18881.45,18719.15,18873.3,219800
2023-06-20,18816.7,18839.7,18660.65,18752.35,211600
2023-06-21,18856.85,18875.9,18794.85,18849.4,217500
2023-06-22,18771.25,18886.6,18759.5,18853.6,252700
2023-06-23,18665.5,18756.4,18647.1,18741.85,210600
2023-06-26,18691.2,18722.05,18646.7,18682.35,171300
2023-06-27,18817.4,18829.25,18714.25,18748.55,222500
2023-06-28,18972.1,19011.25,18861.35,18908.15,398800
2023-06-30,19189.05,19201.7,19024.6,19076.85,247900
2023-07-03,19322.55,19345.1,19234.4,19246.5,226100
2023-07-04,19389.0,19434.15,19300.0,19406.6,226900
2023-07-05,19398.5,19421.6,19339.6,19405.95,224400
2023-07-06,19497.3,19512.2,19373.0,19385.7,268300
2023-07-07,19331.8,19523.6,19303.6,19422.8,237100
2023-07-10,19355.9,19435.85,19327.1,19400.35,268200
2023-07-11,19439.4,19515.1,19406.45,19427.1,251300
2023-07-12,19384.3,19507.7,19361.75,19497.45,327900
2023-07-13,19413.75,19567.0,19385.8,19495.2,310400
2023-07-14,19564.5,19595.35,19433.5,19493.45,291200
2023-07-17,19711.45,19731.85,19562.95,19612.15,268700
2023-07-18,19749.25,19819.45,19690.2,19787.5,286400
2023-07-19,19833.15,19851.7,19727.45,19802.95,259700
2023-07-20,19979.15,19991.85,19758.4,19831.7,274700
2023-07-21,19745.0,19887.4,19700.0,19800.45,312500
2023-07-24,19672.35,19782.75,19658.3,19748.45,265600
2023-07-25,19680.6,19729.35,19615.95,19729.35,369700
2023-07-26,19778.3,19825.6,19716.7,19733.35,244700
2023-07-27,19659.9,19867.55,19603.55,19850.9,334900
2023-07-28,19646.05,19695.9,19563.1,19659.75,258700
2023-07-31,19753.8,19772.75,19597.6,19666.35,295100
2023-08-01,19733.55,19795.6,19704.6,19784.0,298000
2023-08-02,19526.55,19678.25,19423.55,19655.4,290700
2023-08-03,19381.65,19537.65,19296.45,19463.75,315700
2023-08-04,19517.0,19538.85,19436.45,19462.8,280800
2023-08-07,19597.3,19620.45,19524.8,19576.85,216600
2023-08-08,19570.85,19634.4,19533.1,19627.2,260300
2023-08-09,19632.55,19645.5,19467.5,19578.8,266500
2023-08-10,19543.1,19623.6,19495.4,19605.55,312200
2023-08-11,19428.3,19557.75,19412.75,19554.25,235500
2023-08-14,19434.55,19465.85,19257.9,19383.95,243900
2023-08-16,19465.0,19482.75,19317.2,19369.0,0
2023-08-17,19365.25,19461.55,19326.25,19450.55,268700
2023-08-18,19310.15,19373.8,19253.6,19301.75,256100
2023-08-21,19393.6,19425.95,19296.3,19320.65,262600
2023-08-22,19396.45,19443.5,19381.3,19417.1,208700
2023-08-23,19444.0,19472.05,19366.6,19439.2,225200
2023-08-24,19386.7,19584.45,19369.0,19535.15,268300
2023-08-25,19265.8,19339.55,19229.7,19297.4,466500
2023-08-28,19306.05,19366.85,19249.7,19298.35,248200
2023-08-29,19342.65,19377.9,19309.1,19374.85,307400
2023-08-30,19347.45,19452.8,19334.75,19433.45,233000
2023-08-31,19253.8,19388.2,19223.65,19375.55,562600
2023-09-01,19435.3,19458.55,19255.7,19258.15,333000
2023-09-04,19528.8,19545.15,19432.85,19525.05,296800
2023-09-05,19574.9,19587.05,19525.75,19564.65,256800
2023-09-06,19611.05,19636.45,19491.5,19581.2,287600
2023-09-07,19727.05,19737.0,19550.05,19598.65,304900
2023-09-08,19819.95,19867.15,19727.05,19774.8,288100
2023-09-11,19996.35,20008.15,19865.35,19890.0,248800
2023-09-12,19993.2,20110.35,19914.65,20110.15,328100
2023-09-13,20070.0,20096.9,19944.1,19989.5,251400
2023-09-14,20103.1,20167.65,20043.45,20127.95,275100
2023-09-15,20192.35,20222.45,20129.7,20156.45,438200
2023-09-18,20133.3,20195.35,20115.7,20155.95,264900
2023-09-20,19901.4,20050.65,19878.85,19980.75,378100
2023-09-21,19742.35,19848.75,19709.95,19840.55,275100
2023-09-22,19674.25,19798.65,19657.5,19744.85,246400
2023-09-25,19674.55,19734.15,19601.55,19678.2,188400
2023-09-26,19664.7,19699.35,19637.45,19682.8,204900
2023-09-27,19716.45,19730.7,19554.0,19637.05,203600
2023-09-28,19523.55,19766.65,19492.1,19761.8,352800
2023-09-29,19638.3,19726.25,19551.05,19581.2,243500
2023-10-03,19528.75,19623.2,19479.65,19622.4,221700
2023-10-04,19436.1,19457.8,19333.6,19446.3,277100
2023-10-05,19545.75,19576.95,19487.3,19521.85,234900
2023-10-06,19653.5,19675.75,19589.4,19621.2,159100
2023-10-09,19512.35,19588.95,19480.5,19539.45,165100
2023-10-10,19689.85,19717.8,19565.45,19565.6,216600
2023-10-11,19811.35,19839.2,19756.95,19767.0,213700
2023-10-12,19794.0,19843.3,19772.65,19822.7,217900
2023-10-13,19751.05,19805.4,19635.3,19654.55,255000
2023-10-16,19731.75,19781.3,19691.85,19737.25,181000
2023-10-17,19811.5,19849.75,19775.65,19843.2,185800
2023-10-18,19671.1,19840.95,19659.95,19820.45,198900
2023-10-19,19624.7,19681.8,19512.35,19545.2,230300
2023-10-20,19542.65,19593.8,19518.7,19542.15,198300
2023-10-23,19281.75,19556.85,19257.85,19521.6,176000
2023-10-25,19122.15,19347.3,19074.15,19286.45,225300
2023-10-26,18857.25,19041.7,18837.85,19027.25,300400
2023-10-27,19047.25,19076.15,18926.65,18928.75,205200
2023-10-30,19140.9,19158.5,18940.0,19053.4,180100
2023-10-31,19079.6,19233.7,19056.45,19232.95,206000
2023-11-01,18989.15,19096.05,18973.7,19064.05,194100
2023-11-02,19133.25,19175.25,19064.15,19120.0,245600
2023-11-03,19230.6,19276.25,19210.9,19241.0,189500
2023-11-06,19411.75,19423.0,19309.7,19345.85,180700
2023-11-07,19406.7,19423.5,19329.1,19404.05,198700
2023-11-08,19443.5,19464.4,19401.5,19449.6,195000
2023-11-09,19395.3,19463.9,19378.35,19457.4,208400
2023-11-10,19425.35,19451.3,19329.45,19351.85,152200
2023-11-13,19443.55,19494.4,19414.75,19486.75,189300
2023-11-15,19675.45,19693.2,19579.65,19651.4,291500
2023-11-16,19765.2,19875.25,19627.0,19674.7,282700
2023-11-17,19731.8,19806.0,19667.45,19674.75,236800
2023-11-20,19694.0,19756.45,19670.5,19731.15,173800
2023-11-21,19783.4,19829.1,19754.05,19770.9,195000
2023-11-22,19811.85,19825.55,19703.85,19784.0,184500
2023-11-23,19802.0,19875.15,19786.75,19828.45,170000
2023-11-24,19794.7,19832.85,19768.85,19809.6,145900
2023-11-28,19889.7,19916.85,19800.0,19844.65,229600
2023-11-29,20096.6,20104.65,19956.3,19976.55,236200
2023-11-30,20133.15,20158.7,20015.85,20108.5,486600
2023-12-01,20267.9,20291.55,20183.7,20194.1,265800
2023-12-04,20686.8,20702.65,20507.75,20601.95,381100
2023-12-05,20855.1,20864.05,20711.15,20808.9,421000
2023-12-06,20937.7,20961.95,20852.15,20950.75,359200
2023-12-07,20901.15,20941.25,20850.8,20932.4,275000
2023-12-08,20969.4,21006.1,20862.7,20934.1,292400
2023-12-11,20997.1,21026.1,20923.7,20965.3,212900
2023-12-12,20906.4,21037.9,20867.15,21018.55,244900
2023-12-13,20926.35,20950.0,20769.5,20929.75,260300
2023-12-14,21182.7,21210.9,21074.45,21110.4,334400
2023-12-15,21456.65,21492.3,21235.3,21287.45,508800
2023-12-18,21418.65,21482.8,21365.35,21434.8,249700
2023-12-19,21453.1,21505.05,21337.75,21477.65,249800
2023-12-20,21150.15,21593.0,21087.35,21543.5,363900
2023-12-21,21255.05,21288.35,20976.8,21033.95,277500
2023-12-22,21349.4,21390.5,21232.45,21295.85,284700
2023-12-26,21441.35,21477.15,21329.45,21365.2,219500
2023-12-27,21654.75,21675.75,21495.8,21497.65,256500
2023-12-28,21778.7,21801.45,21678.0,21715.0,393100
2023-12-29,21731.4,21770.3,21676.9,21737.65,270900
2024-01-01,21741.9,21834.35,21680.85,21727.75,154000
2024-01-02,21665.8,21755.6,21555.65,21751.35,263700
2024-01-03,21517.35,21677.0,21500.35,21661.1,311900
2024-01-04,21658.6,21685.65,21564.55,21605.8,339200
2024-01-05,21710.8,21749.6,21629.2,21705.75,309300
2024-01-08,21513.0,21763.95,21492.9,21747.6,231500
2024-01-09,21544.85,21724.45,21517.85,21653.6,228600
2024-01-10,21618.7,21641.85,21448.65,21529.3,217000
2024-01-11,21647.2,21726.5,21593.75,21688.0,212500
2024-01-12,21894.55,21928.25,21715.15,21773.55,294700
2024-01-15,22097.45,22115.55,21963.55,22053.15,345500
2024-01-16,22032.3,22124.15,21969.8,22080.5,292400
2024-01-17,21571.95,21851.5,21550.45,21647.25,456000
2024-01-18,21462.25,21539.4,21285.55,21414.2,387300
2024-01-19,21622.4,21670.6,21575.0,21615.2,343100
2024-01-23,21238.8,21750.25,21192.6,21716.7,449700
2024-01-24,21453.95,21482.35,21137.2,21185.25,407500
2024-01-25,21352.6,21459.0,21247.05,21454.6,418100
2024-01-29,21737.6,21763.25,21429.6,21433.1,376700
2024-01-30,21522.1,21813.05,21501.8,21775.75,375100
2024-01-31,21725.7,21741.35,21448.85,21487.25,410600
2024-02-01,21697.45,21832.95,21658.75,21780.65,332500
2024-02-02,21853.8,22126.8,21805.55,21812.75,442800
2024-02-05,21771.7,21964.3,21726.95,21921.05,440800
2024-02-06,21929.4,21951.4,21737.55,21825.2,371000
2024-02-07,21930.5,22053.3,21860.15,22045.05,346300
2024-02-08,21717.95,22011.05,21665.3,22009.65,491100
2024-02-09,21782.5,21804.45,21629.9,21727.0,349200
2024-02-12,21616.05,21831.7,21574.75,21800.8,287400
2024-02-13,21743.25,21766.8,21543.35,21664.3,365800
2024-02-14,21840.05,21870.85,21530.2,21578.15,359100
2024-02-15,21910.75,21953.85,21794.8,21906.55,345400
2024-02-16,22040.7,22068.65,21968.95,22020.3,343900
2024-02-19,22122.25,22186.65,22021.05,22103.45,0
2024-02-20,22196.95,22215.6,22045.85,22099.2,295700
2024-02-21,22055.05,22249.4,21997.95,22248.85,364500
2024-02-22,22217.45,22252.5,21875.25,22081.55,343500
2024-02-23,22212.7,22297.5,22186.1,22290.0,226000
2024-02-26,22122.05,22202.15,22075.15,22169.2,207800
2024-02-27,22198.35,22218.25,22085.65,22090.2,252200
2024-02-28,21951.15,22229.15,21915.85,22214.1,203000
2024-02-29,21982.8,22060.55,21860.65,21935.2,360200
2024-03-01,22338.75,22353.3,22047.75,22048.3,351500
2024-03-04,22405.6,22440.9,22358.3,22403.5,298800
2024-03-05,22356.3,22416.9,22269.15,22371.25,296200
2024-03-06,22474.05,22497.2,22224.35,22327.5,312300
2024-03-07,22493.55,22525.65,22430.0,22505.3,379900
2024-03-11,22332.65,22526.6,22307.25,22517.5,277900
2024-03-12,22335.7,22452.55,22256.0,22334.45,299200
2024-03-13,21997.7,22446.75,21905.65,22432.2,493300
2024-03-14,22146.65,22204.6,21917.5,21982.55,426700
2024-03-15,22023.35,22120.9,21931.7,22064.85,661500
2024-03-18,22055.7,22123.7,21916.55,21990.1,356300
2024-03-19,21817.45,21978.3,21793.1,21946.45,344200
2024-03-20,21839.1,21930.9,21710.2,21843.9,312400
2024-03-21,22011.95,22080.95,21941.3,21989.9,353200
2024-03-22,22096.75,22180.7,21883.3,21932.2,388700
2024-03-26,22004.7,22073.2,21947.55,21947.9,328400
2024-03-27,22123.65,22193.6,22052.85,22053.95,409100
2024-03-28,22326.9,22516.0,22163.6,22163.6,410500
2024-04-01,22462.0,22529.95,22427.75,22455.0,0
2024-04-02,22453.3,22497.6,22388.15,22458.8,289500
2024-04-03,22434.65,22521.1,22346.5,22385.7,309600
2024-04-04,22514.65,22619.0,22303.8,22592.1,401000
2024-04-05,22513.7,22537.6,22427.6,22486.4,242200
2024-04-08,22666.3,22697.3,22550.35,22578.35,227600
2024-04-09,22642.75,22768.4,22612.25,22765.1,232400
2024-04-10,22753.8,22775.7,22673.7,22720.25,276800
2024-04-12,22519.4,22726.45,22503.75,22677.4,357200
2024-04-15,22272.5,22427.45,22259.55,22339.05,355500
2024-04-16,22147.9,22213.75,22079.45,22125.3,317300
2024-04-18,21995.85,22326.5,21961.7,22212.35,456900
2024-04-19,22147.0,22179.55,21777.65,21861.5,362500
2024-04-22,22336.4,22375.65,22198.15,22336.9,279300
2024-04-23,22368.0,22447.55,22349.45,22447.05,231500
2024-04-24,22402.4,22476.45,22384.0,22421.55,235900
2024-04-25,22570.35,22625.95,22305.25,22316.9,475000
2024-04-26,22419.95,22620.4,22385.55,22620.4,329900
2024-04-29,22643.4,22655.8,22441.9,22475.55,292000
2024-04-30,22604.85,22783.35,22568.4,22679.65,361900
2024-05-02,22648.2,22710.5,22567.85,22567.85,445900
2024-05-03,22475.85,22794.7,22348.05,22766.35,438100
2024-05-06,22442.7,22588.8,22409.45,22561.6,320300
2024-05-07,22302.5,22499.05,22232.05,22489.75,297800
2024-05-08,22302.5,22368.65,22185.2,22231.2,277400
2024-05-09,21957.5,22307.75,21932.4,22224.8,331300
2024-05-10,22055.2,22131.3,21950.3,21990.95,265800
2024-05-13,22104.05,22131.65,21821.05,22027.95,278200
2024-05-14,22217.85,22270.05,22081.25,22112.9,230200
2024-05-15,22200.55,22297.55,22151.75,22255.6,231900
2024-05-16,22403.85,22432.25,22054.55,22319.2,368900
2024-05-17,22466.1,22502.15,22345.65,22415.25,242700
2024-05-21,22529.05,22591.1,22404.55,22404.55,347600
2024-05-22,22597.8,22629.5,22483.15,22576.6,290300
2024-05-23,22967.65,22993.6,22577.45,22614.1,369800
2024-05-24,22957.1,23026.4,22908.0,22930.75,261900
2024-05-27,22932.45,23110.8,22871.2,23038.95,260000
2024-05-28,22888.15,22998.55,22858.5,22977.15,217900
2024-05-29,22704.7,22825.5,22685.45,22762.75,269900
2024-05-30,22488.65,22705.75,22417.0,22617.45,373400
2024-05-31,22530.7,22653.75,22465.1,22568.1,572100
2024-06-03,23263.9,23338.7,23062.3,23337.9,569400
2024-06-04,21884.5,23179.5,21281.45,23179.5,1006100
2024-06-05,22620.35,22670.4,21791.95,22128.35,638500
2024-06-06,22821.4,22910.15,22642.6,22798.6,480400
2024-06-07,23290.15,23320.2,22789.05,22821.85,473600
2024-06-10,23259.2,23411.9,23227.15,23319.15,304400
2024-06-11,23264.85,23389.45,23206.65,23283.75,305200
2024-06-12,23322.95,23441.95,23295.95,23344.45,295600
2024-06-13,23398.9,23481.05,23353.9,23480.95,268300
2024-06-14,23465.6,23490.4,23334.25,23464.95,223100
2024-06-18,23557.9,23579.05,23499.7,23570.8,272200
2024-06-19,23516.0,23664.0,23412.9,23629.85,328800
2024-06-20,23567.0,23624.0,23442.6,23586.15,280300
2024-06-21,23501.1,23667.1,23398.2,23661.15,609900
2024-06-24,23537.85,23558.1,23350.0,23382.3,239400
2024-06-25,23721.3,23754.15,23562.05,23577.1,298100
2024-06-26,23868.8,23889.9,23670.45,23723.1,287800
2024-06-27,24044.5,24087.45,23805.4,23881.55,515200
2024-06-28,24010.6,24174.0,23985.8,24085.9,354800
2024-07-01,24141.95,24164.0,23992.7,23992.95,0
2024-07-02,24123.85,24236.35,24056.4,24228.75,0
2024-07-03,24286.5,24309.15,24207.1,24291.75,0
2024-07-04,24302.15,24401.0,24281.0,24369.95,251200
2024-07-05,24323.85,24363.0,24168.85,24213.35,298400
2024-07-08,24320.55,24344.6,24240.55,24329.45,266300
2024-07-09,24433.2,24443.6,24331.9,24351.0,250500
2024-07-10,24324.45,24461.05,24141.8,24459.85,292300
2024-07-11,24315.95,24402.65,24193.75,24396.55,306400
2024-07-12,24502.15,24592.2,24331.15,24387.95,325800
2024-07-15,24586.7,24635.05,24522.75,24587.6,305400
2024-07-16,24613.0,24661.25,24587.65,24615.9,283200
2024-07-18,24800.85,24837.75,24504.45,24543.8,350900
2024-07-19,24530.9,24854.8,24508.15,24853.8,343800
2024-07-22,24509.25,24595.2,24362.3,24445.75,324200
2024-07-23,24479.05,24582.55,24074.2,24568.9,436400
2024-07-24,24413.5,24504.25,24307.25,24444.95,366600
2024-07-25,24406.1,24426.15,24210.8,24230.95,391800
2024-07-26,24834.85,24861.15,24410.9,24423.35,383800
2024-07-29,24836.1,24999.75,24774.6,24943.3,355000
2024-07-30,24857.3,24971.75,24798.65,24839.4,385000
2024-07-31,24951.15,24984.6,24856.5,24886.7,333600
2024-08-01,25010.9,25078.3,24956.4,25030.95,431300
2024-08-02,24717.7,24851.9,24686.85,24789.0,345000
2024-08-05,24055.6,24350.05,23893.7,24302.85,487000
2024-08-06,23992.55,24382.6,23960.4,24189.85,312300
2024-08-07,24297.5,24337.7,24184.9,24289.4,317600
2024-08-08,24117.0,24340.5,24079.7,24248.55,311900
2024-08-09,24367.5,24419.75,24311.2,24386.85,215100
2024-08-12,24347.0,24472.8,24212.1,24320.05,279900
2024-08-13,24139.0,24359.95,24116.5,24342.35,239700
2024-08-14,24143.75,24196.5,24099.7,24184.4,303300
2024-08-16,24541.15,24563.9,24204.5,24334.85,271600
2024-08-19,24572.65,24638.8,24522.95,24636.35,243600
2024-08-20,24698.85,24734.3,24607.2,24648.9,238300
2024-08-21,24770.2,24787.95,24654.5,24680.55,257100
2024-08-22,24811.5,24867.35,24784.45,24863.4,220300
2024-08-23,24823.15,24858.4,24771.65,24845.4,206800
2024-08-26,25010.6,25043.8,24874.7,24906.1,210300
2024-08-27,25017.75,25073.1,24973.65,25024.8,223300
2024-08-28,25052.35,25129.6,24964.65,25030.8,220400
2024-08-29,25151.95,25192.9,24998.5,25035.3,354000
2024-08-30,25235.9,25268.35,25199.4,25249.7,638200
2024-09-02,25278.7,25333.65,25235.5,25333.6,222800
2024-09-03,25279.85,25321.7,25235.8,25313.4,212100
2024-09-04,25198.7,25216.0,25083.8,25089.95,253800
2024-09-05,25145.1,25275.45,25127.75,25250.5,222200
2024-09-06,24852.15,25168.75,24801.3,25093.7,311700
2024-09-09,24936.4,24957.5,24753.15,24823.4,254400
2024-09-10,25041.1,25130.5,24896.8,24999.4,251300
2024-09-11,24918.45,25113.7,24885.15,25034.0,279200
2024-09-12,25388.9,25433.35,24941.45,25059.65,380100
2024-09-13,25356.5,25430.5,25292.45,25430.45,250800
2024-09-16,25383.75,25445.7,25336.2,25406.65,168700
2024-09-17,25418.55,25441.65,25352.25,25416.9,216000
2024-09-18,25377.55,25482.2,25285.55,25402.4,215700
2024-09-19,25415.8,25611.95,25376.05,25487.05,314500
2024-09-20,25790.95,25849.25,25426.6,25525.95,533100
2024-09-23,25939.05,25956.0,25847.35,25872.55,209200
2024-09-24,25940.4,26011.55,25886.85,25921.45,384100
2024-09-25,26004.15,26032.8,25871.35,25899.45,278500
2024-09-26,26216.05,26250.9,25998.4,26005.4,370900
2024-09-27,26178.95,26277.35,26151.4,26248.25,490300
2024-09-30,25810.85,26134.7,25794.1,26061.3,343100
2024-10-01,25796.9,25907.6,25739.2,25788.45,247400
2024-10-03,25250.1,25639.45,25230.3,25452.85,423400
2024-10-04,25014.6,25485.05,24966.8,25181.9,374900
2024-10-07,24795.75,25143.0,24694.35,25084.1,374300
2024-10-08,25013.15,25044.0,24756.8,24832.2,333200
2024-10-09,24981.95,25234.05,24947.7,25065.8,290600
2024-10-10,24998.45,25134.05,24979.4,25067.05,261400
2024-10-11,24964.25,25028.65,24920.05,24985.3,210500
2024-10-14,25127.95,25159.75,25017.5,25023.45,206400
2024-10-15,25057.35,25212.05,25008.15,25186.3,257200
2024-10-16,24971.3,25093.4,24908.45,25008.55,226800
2024-10-17,24749.85,25029.5,24728.9,25027.4,252800
2024-10-18,24854.05,24886.2,24567.65,24664.95,290900
2024-10-21,24781.1,24978.3,24679.6,24956.15,242000
2024-10-22,24472.1,24882.0,24445.8,24798.65,279500
2024-10-23,24435.5,24604.25,24378.1,24378.15,284600
2024-10-24,24399.4,24480.65,24341.2,24412.7,216700
2024-10-25,24180.8,24440.25,24073.9,24418.05,372600
2024-10-28,24339.15,24492.6,24134.9,24251.1,278600
2024-10-29,24466.85,24484.5,24140.85,24328.85,332000
2024-10-30,24340.85,24498.2,24307.3,24371.45,285200
2024-10-31,24205.35,24372.45,24172.6,24349.85,287000
2024-11-01,24304.35,24368.25,24280.2,24302.75,38800
2024-11-04,23995.35,24316.75,23816.15,24315.75,285500
2024-11-05,24213.3,24229.05,23842.75,23916.5,289500
2024-11-06,24484.05,24537.6,24204.05,24308.75,351100
2024-11-07,24199.35,24503.35,24179.05,24489.6,322200
2024-11-08,24148.2,24276.15,24066.65,24207.7,298700
2024-11-11,24141.3,24336.8,24004.6,24087.25,273400
2024-11-12,23883.45,24242.0,23839.15,24225.8,255800
2024-11-13,23559.05,23873.6,23509.6,23822.45,304600
2024-11-14,23532.7,23675.9,23484.15,23542.15,257700
2024-11-18,23453.8,23606.8,23350.4,23605.3,263300
2024-11-19,23518.5,23780.65,23464.8,23529.55,297500
2024-11-21,23349.9,23507.3,23263.15,23488.45,420300
2024-11-22,23907.25,23956.1,23359.0,23411.8,367600
2024-11-25,24221.9,24351.55,24135.45,24253.55,687200
2024-11-26,24194.5,24343.3,24125.4,24343.3,230700
2024-11-27,24274.9,24354.55,24145.65,24204.8,295000
2024-11-28,23914.15,24345.75,23873.35,24274.15,366700
2024-11-29,24131.1,24188.45,23927.15,23927.15,282100
2024-12-02,24276.05,24301.7,24008.65,24140.85,220400
2024-12-03,24457.15,24481.35,24280.0,24367.5,339500
2024-12-04,24467.45,24573.2,24366.3,24488.75,348000
2024-12-05,24708.4,24857.75,24295.55,24539.15,361500
2024-12-06,24677.8,24751.05,24620.5,24729.45,226700
2024-12-09,24619.0,24705.0,24580.05,24633.9,248100
2024-12-10,24610.05,24677.8,24510.65,24652.65,261000
2024-12-11,24641.8,24691.75,24583.85,24620.5,187300
2024-12-12,24548.7,24675.25,24527.95,24604.45,266100
2024-12-13,24768.3,24792.3,24180.8,24498.35,310100
2024-12-16,24668.25,24781.25,24601.75,24753.4,187600
2024-12-17,24336.0,24624.1,24303.45,24584.8,264900
2024-12-18,24198.85,24394.45,24149.85,24297.95,235300
2024-12-19,23951.7,24004.9,23870.3,23877.15,271100
2024-12-20,23587.5,24065.8,23537.35,23960.7,442700
2024-12-23,23753.45,23869.55,23647.2,23738.2,189800
2024-12-24,23727.65,23867.65,23685.15,23769.1,177700
2024-12-26,23750.2,23854.5,23653.6,23775.8,177700
2024-12-27,23813.4,23938.85,23800.6,23801.4,176800
2024-12-30,23644.9,23915.35,23599.3,23796.9,364900
2024-12-31,23644.8,23689.85,23460.45,23560.6,193600
2025-01-01,23742.9,23822.8,23562.8,23637.65,154900
2025-01-02,24188.65,24226.7,23751.55,23783.0,283200
2025-01-03,24004.75,24196.45,23976.0,24196.4,312300
2025-01-06,23616.05,24089.95,23551.9,24045.8,278100
2025-01-07,23707.9,23795.2,23637.8,23679.9,262300
2025-01-08,23688.95,23751.85,23496.15,23746.65,266400
2025-01-09,23526.5,23689.5,23503.05,23674.75,269200
2025-01-10,23431.5,23596.6,23344.35,23551.9,261000
2025-01-13,23085.95,23340.95,23047.25,23195.4,316500
2025-01-14,23176.05,23264.95,23134.15,23165.9,311200
2025-01-15,23213.2,23293.65,23146.45,23250.45,228000
2025-01-16,23311.8,23391.65,23272.05,23377.25,299400
2025-01-17,23203.2,23292.1,23100.35,23277.1,272900
2025-01-20,23344.75,23391.1,23170.65,23290.4,301500
2025-01-21,23024.65,23426.3,22976.85,23421.65,312900
2025-01-22,23155.35,23169.55,22981.3,23099.15,276000
2025-01-23,23205.35,23270.8,23090.65,23128.3,275600
2025-01-24,23092.2,23347.3,23050.0,23183.9,264300
2025-01-27,22829.15,23007.45,22786.9,22940.15,257400
2025-01-28,22957.25,23137.95,22857.65,22960.45,361900
2025-01-29,23163.1,23183.35,22976.5,23026.75,226300
2025-01-30,23249.5,23322.05,23139.2,23169.5,361900
2025-01-31,23508.4,23546.8,23277.4,23296.75,304900
2025-02-01,23482.15,23632.45,23318.3,23528.6,281000
2025-02-03,23361.05,23381.6,23222.0,23319.35,329700
2025-02-04,23739.25,23762.75,23423.15,23509.9,376700
2025-02-05,23696.3,23807.3,23680.45,23801.75,267000
2025-02-06,23603.35,23773.55,23556.25,23761.95,307000
2025-02-07,23559.95,23694.5,23443.2,23649.5,368100
2025-02-10,23381.6,23568.6,23316.3,23543.8,234200
2025-02-11,23071.8,23390.05,22986.65,23383.55,268000
2025-02-12,23045.25,23144.7,22798.35,23050.8,279700
2025-02-13,23031.4,23235.5,22992.2,23055.75,265700
2025-02-14,22929.25,23133.7,22774.85,23096.45,254500
2025-02-17,22959.5,22974.2,22725.45,22809.9,207400
2025-02-18,22945.3,22992.5,22801.5,22963.65,210600
2025-02-19,22932.9,23049.95,22814.85,22847.25,207000
2025-02-20,22913.15,22923.85,22812.75,22821.1,240800
2025-02-21,22795.9,22921.0,22720.3,22857.2,242800
2025-02-24,22553.35,22668.05,22518.8,22609.35,214300
2025-02-25,22547.55,22625.3,22513.9,22516.45,250300
2025-02-27,22545.05,22613.3,22508.4,22568.95,289200
2025-02-28,22124.7,22450.35,22104.85,22433.4,551300
2025-03-03,22119.3,22261.55,22004.7,22194.55,282400
2025-03-04,22082.65,22105.05,21964.6,21974.45,253300
2025-03-05,22337.3,22394.9,22067.8,22073.05,305900
2025-03-06,22544.7,22556.45,22245.85,22476.35,372100
2025-03-07,22552.5,22633.8,22464.75,22508.65,289800
2025-03-10,22460.3,22676.75,22429.05,22521.85,293900
2025-03-11,22497.9,22522.1,22314.7,22345.95,347900
2025-03-12,22470.5,22577.4,22329.55,22536.35,369700
2025-03-13,22397.2,22558.05,22377.35,22541.5,287500
2025-03-17,22508.75,22577.0,22353.15,22353.15,251100
2025-03-18,22834.3,22857.8,22599.2,22662.25,272600
2025-03-19,22907.6,22940.7,22807.95,22874.95,324000
2025-03-20,23190.65,23216.7,22973.95,23036.6,313700
2025-03-21,23350.4,23402.7,23132.8,23168.25,541000
2025-03-24,23658.35,23708.75,23433.5,23515.4,311900
2025-03-25,23668.65,23869.6,23601.4,23751.5,338200
2025-03-26,23486.85,23736.5,23451.7,23700.95,278600
2025-03-27,23591.95,23646.45,23412.2,23433.95,510300
2025-03-28,23519.35,23649.2,23450.2,23600.4,295400
2025-04-01,23165.7,23565.15,23136.4,23341.1,314300
2025-04-02,23332.35,23350.0,23158.45,23192.6,341000
2025-04-03,23250.1,23306.5,23145.8,23150.3,283200
2025-04-04,22904.45,23214.7,22857.45,23190.4,466800
2025-04-07,22161.6,22254.0,21743.65,21758.4,647100
2025-04-08,22535.85,22697.2,22270.85,22446.75,468300
2025-04-09,22399.15,22468.7,22353.25,22460.3,383800
2025-04-11,22828.55,22923.9,22695.4,22695.4,402200
2025-04-15,23328.55,23368.35,23207.0,23368.35,388300
2025-04-16,23437.2,23452.2,23273.05,23344.1,348400
2025-04-17,23851.65,23872.35,23298.55,23401.85,505300
2025-04-21,24125.55,24189.55,23903.65,23949.15,406100
2025-04-22,24167.25,24242.6,24072.0,24185.4,440900
2025-04-23,24328.95,24359.3,24119.95,24357.6,415000
2025-04-24,24246.7,24347.85,24216.15,24277.9,358800
2025-04-25,24039.35,24365.45,23847.85,24289.0,387700
2025-04-28,24328.5,24355.1,24054.05,24070.25,320500
2025-04-29,24335.95,24457.65,24290.75,24370.7,357600
2025-04-30,24334.2,24396.15,24198.75,24342.05,424500
2025-05-02,24346.7,24589.15,24238.5,24311.9,421100
2025-05-05,24461.15,24526.4,24400.65,24419.5,291500
2025-05-06,24379.6,24509.65,24331.8,24500.75,302400
2025-05-07,24414.4,24449.6,24220.0,24233.3,330100
2025-05-08,24273.8,24447.25,24150.2,24431.5,411400
2025-05-09,24008.0,24164.25,23935.75,23935.75,335600
2025-05-12,24924.7,24944.8,24378.85,24420.1,368700
2025-05-13,24578.35,24973.8,24547.5,24864.05,423000
2025-05-14,24666.9,24767.55,24535.55,24613.8,345500
2025-05-15,25062.1,25116.25,24494.45,24694.45,500800
2025-05-16,25019.8,25070.0,24953.05,25064.65,432700
2025-05-19,24945.45,25062.95,24916.65,25005.35,255300
2025-05-20,24683.9,25010.35,24669.7,24996.2,414800
2025-05-21,24813.45,24946.2,24685.35,24744.25,332700
2025-05-22,24609.7,24737.5,24462.4,24733.95,403300
2025-05-23,24853.15,24909.05,24614.05,24639.5,270500
2025-05-26,25001.15,25079.2,24900.5,24919.35,302800
2025-05-27,24826.2,25062.9,24704.1,24956.65,525700
2025-05-28,24752.45,24864.25,24737.05,24832.5,684400
2025-05-29,24833.6,24892.6,24677.3,24825.1,345400
2025-05-30,24750.7,24863.95,24717.4,24812.6,853900
2025-06-02,24716.6,24754.4,24526.15,24669.7,311100
2025-06-03,24542.5,24845.1,24502.15,24786.3,349300
2025-06-04,24620.2,24644.25,24530.45,24560.45,280900
2025-06-05,24750.9,24899.85,24613.1,24691.2,388400
2025-06-06,25003.05,25029.5,24671.45,24748.7,335600
2025-06-09,25103.2,25160.1,25077.15,25160.1,279200
2025-06-10,25104.25,25199.3,25055.45,25196.05,307300
2025-06-11,25141.4,25222.4,25081.3,25134.15,301200
2025-06-12,24888.2,25196.2,24825.9,25164.45,328300
2025-06-13,24718.6,24754.35,24473.0,24473.0,318700
2025-06-16,24946.5,24967.1,24703.6,24732.35,305800
2025-06-17,24853.4,24982.05,24813.7,24977.85,242400
2025-06-18,24812.05,24947.55,24750.45,24788.35,237600
2025-06-19,24793.25,24863.1,24733.4,24803.25,274600
2025-06-20,25112.4,25136.2,24783.65,24787.65,574700
2025-06-23,24971.9,25057.0,24824.85,24939.75,248500
2025-06-24,25044.35,25317.7,24999.7,25179.9,450200
2025-06-25,25244.75,25266.8,25125.05,25150.35,260600
2025-06-26,25549.0,25565.3,25259.9,25268.95,428900
2025-06-27,25637.8,25654.2,25523.55,25576.65,564000
2025-06-30,25517.05,25669.35,25473.3,25661.65,271000
2025-07-01,25541.8,25593.4,25501.8,25551.35,260700
2025-07-02,25453.4,25608.1,25378.75,25588.3,309800
2025-07-03,25405.3,25587.5,25384.35,25505.1,293400
2025-07-04,25461.0,25470.25,25331.65,25428.85,193500
2025-07-07,25461.3,25489.8,25407.25,25450.45,196100
2025-07-08,25522.5,25548.05,25424.15,25427.85,210400
2025-07-09,25476.1,25548.7,25424.35,25514.6,239100
2025-07-10,25355.25,25524.05,25340.45,25511.65,219600
2025-07-11,25149.85,25322.45,25129.0,25255.5,250000
2025-07-14,25082.3,25151.1,25001.95,25149.5,259500
2025-07-15,25195.8,25245.2,25088.45,25089.5,241300
2025-07-16,25212.05,25255.3,25121.05,25196.6,228800
2025-07-17,25111.45,25238.35,25101.0,25230.75,243400
2025-07-18,24968.4,25144.6,24918.65,25108.55,317000
2025-07-21,25090.7,25111.4,24882.3,24999.0,305200
2025-07-22,25060.9,25182.0,25035.55,25166.65,483700
2025-07-23,25219.9,25233.5,25085.5,25139.35,271500
2025-07-24,25062.1,25246.25,25018.7,25243.3,338700
2025-07-25,24837.0,25010.35,24806.35,25010.35,278100
2025-07-28,24680.9,24889.2,24646.6,24782.45,262100
2025-07-29,24821.1,24847.15,24598.6,24609.65,284700
2025-07-30,24855.05,24902.3,24771.95,24890.4,243900
2025-07-31,24768.35,24956.5,24635.0,24642.25,346300
2025-08-01,24565.35,24784.15,24535.05,24734.9,263400
2025-08-04,24722.75,24736.25,24554.0,24596.05,259300
2025-08-05,24649.55,24733.1,24590.3,24720.25,251800
2025-08-06,24574.2,24671.4,24539.2,24641.35,225100
2025-08-07,24596.15,24634.2,24344.15,24464.2,616700
2025-08-08,24363.3,24585.5,24337.5,24544.25,312600
2025-08-11,24585.05,24600.85,24347.45,24371.5,241100
2025-08-12,24487.4,24702.6,24465.65,24563.35,237000
2025-08-13,24619.35,24664.55,24535.25,24586.2,236000
2025-08-14,24631.3,24673.65,24596.9,24607.25,270200
2025-08-18,24876.95,25022.0,24852.85,24938.2,363100
2025-08-19,24980.65,25012.65,24873.95,24891.35,252300
2025-08-20,25050.55,25088.7,24929.7,24965.8,287100
2025-08-21,25083.75,25153.65,25054.9,25142.0,226500
2025-08-22,24870.1,25084.85,24859.15,25064.15,210200
2025-08-25,24967.75,25021.55,24894.35,24949.15,213000
2025-08-26,24712.05,24919.65,24689.6,24899.5,750500
2025-08-28,24500.9,24702.65,24481.6,24695.8,326600
2025-08-29,24426.85,24572.45,24404.7,24466.7,325500
2025-09-01,24625.05,24635.6,24432.7,24432.7,229300
2025-09-02,24579.6,24756.1,24522.35,24653.0,271600
2025-09-03,24715.05,24737.05,24533.2,24616.5,340300
2025-09-04,24734.3,24980.75,24708.2,24980.75,314100
2025-09-05,24741.0,24832.35,24621.6,24818.85,210100
2025-09-08,24773.15,24885.5,24751.55,24802.6,213200
2025-09-09,24868.6,24891.8,24814.0,24864.1,226900
2025-09-10,24973.1,25035.7,24915.05,24991.0,244100
2025-09-11,25005.5,25037.3,24940.15,24945.5,224600
2025-09-12,25114.0,25139.45,25038.05,25074.45,225700
2025-09-15,25069.2,25138.45,25048.75,25118.9,185400
2025-09-16,25239.1,25261.4,25070.45,25073.6,240100
2025-09-17,25330.25,25346.5,25275.35,25276.6,268900
2025-09-18,25423.6,25448.95,25329.75,25441.05,272200
2025-09-19,25327.05,25428.75,25286.3,25410.2,380400
2025-09-22,25202.35,25331.7,25151.05,25238.1,254500
2025-09-23,25169.5,25261.9,25084.65,25209.0,299200
2025-09-24,25056.9,25149.85,25027.45,25108.75,244400
2025-09-25,24890.85,25092.7,24878.3,25034.5,342500
2025-09-26,24654.7,24868.6,24629.45,24818.55,291500
2025-09-29,24634.9,24791.3,24606.2,24728.55,394400
2025-09-30,24611.1,24731.8,24587.7,24691.95,303000
2025-10-01,24836.3,24867.95,24605.95,24620.55,308900
2025-10-03,24894.25,24904.8,24747.55,24759.55,365900
2025-10-06,25077.65,25095.95,24881.65,24916.55,268800
2025-10-07,25108.3,25220.9,25076.3,25085.3,288000
2025-10-08,25046.15,25192.5,25008.5,25079.75,227400
2025-10-09,25181.8,25199.25,25024.3,25074.3,286300
2025-10-10,25285.35,25330.75,25156.85,25167.65,232900
2025-10-13,25227.35,25267.3,25152.3,25177.3,234300
2025-10-14,25145.5,25310.35,25060.55,25277.55,292100
2025-10-15,25323.55,25365.15,25159.35,25181.95,289900
2025-10-16,25585.3,25625.4,25376.85,25394.9,372800
2025-10-17,25709.85,25781.5,25508.6,25546.85,422100
2025-10-20,25843.15,25926.2,25788.5,25824.6,301100
2025-10-21,25868.6,25934.35,25825.8,25901.2,42500
2025-10-23,25891.4,26104.2,25862.45,26057.2,448400
2025-10-24,25795.15,25944.15,25718.2,25935.1,284900
2025-10-27,25966.05,26005.95,25827.0,25843.2,266300
2025-10-28,25936.2,26041.7,25810.05,25939.95,395200
2025-10-29,26053.9,26097.85,25960.3,25982.0,321900
2025-10-30,25877.85,26032.05,25845.25,25984.4,257400
2025-10-31,25722.1,25953.75,25711.2,25863.8,334400
2025-11-03,25763.35,25803.1,25645.5,25696.85,23300
2025-11-04,25597.65,25787.4,25578.4,25744.75,305100
2025-11-06,25509.7,25679.15,25491.55,25593.35,371900
2025-11-07,25492.3,25551.25,25318.45,25433.8,305600
2025-11-10,25574.35,25653.45,25503.5,25503.5,243600
2025-11-11,25694.95,25715.8,25449.25,25617.0,297700
2025-11-12,25875.8,25934.55,25781.15,25834.3,312600
2025-11-13,25879.15,26010.7,25808.4,25906.1,385200
2025-11-14,25910.05,25940.2,25740.8,25767.9,518900
2025-11-17,26013.45,26024.2,25906.35,25948.2,281800
2025-11-18,25910.05,26029.85,25876.5,26021.8,280000
2025-11-19,26052.65,26074.65,25856.2,25918.1,250100
2025-11-20,26192.15,26246.65,26063.2,26132.1,240400
2025-11-21,26068.15,26179.2,26052.2,26109.55,235600
2025-11-24,25959.5,26142.8,25912.15,26122.8,464700
2025-11-25,25884.8,26032.6,25857.5,25998.5,260500
2025-11-26,26205.3,26215.15,25842.95,25842.95,275300
2025-11-27,26215.55,26310.45,26141.9,26261.25,240300
2025-11-28,26202.95,26280.75,26172.4,26237.45,202500
2025-12-01,26175.75,26325.8,26124.2,26325.8,213800
2025-12-02,26032.2,26154.6,25997.85,26087.95,254800
2025-12-03,25986.0,26066.45,25891.0,26004.9,265700
2025-12-04,26033.75,26098.25,25938.95,25981.85,248100
2025-12-05,26186.45,26202.6,25985.35,25999.8,249300
2025-12-08,25960.55,26178.7,25892.25,26159.8,320700
2025-12-09,25839.65,25923.65,25728.0,25867.1,276000
2025-12-10,25758.0,25947.65,25734.55,25864.05,207900
2025-12-11,25898.55,25922.8,25693.25,25771.4,206100
2025-12-12,26046.95,26057.6,25938.45,25971.2,216300
2025-12-15,26027.3,26047.15,25904.75,25930.05,181600
2025-12-16,25860.1,25980.75,25834.35,25951.5,264400
2025-12-17,25818.55,25929.15,25770.35,25902.4,206500
2025-12-18,25815.55,25902.35,25726.3,25764.7,197600
2025-12-19,25966.4,25993.35,25880.45,25911.5,382900
2025-12-22,26172.4,26180.7,26047.8,26055.85,253000
2025-12-23,26177.15,26233.55,26119.05,26205.2,216600
2025-12-24,26142.1,26236.4,26123.0,26170.65,188800
2025-12-26,26042.3,26144.2,26008.6,26121.25,142200
2025-12-29,25942.1,26106.8,25920.3,26063.35,234300
2025-12-30,25938.85,25976.75,25878.0,25940.9,396900
2025-12-31,26129.6,26187.95,25969.0,25971.05,246300
2026-01-01,26146.55,26197.55,26113.4,26173.3,425600
2026-01-02,26328.55,26340.0,26118.4,26155.1,357500
2026-01-05,26250.3,26373.2,26210.05,26333.7,338800
2026-01-06,26178.7,26273.95,26124.75,26189.7,383000
2026-01-07,26140.75,26187.15,26067.9,26143.1,338200
2026-01-08,25876.85,26133.2,25858.45,26106.5,328500
2026-01-09,25683.3,25940.6,25623.0,25840.4,348800
2026-01-12,25790.25,25813.15,25473.4,25669.05,275800
2026-01-13,25732.3,25899.8,25603.3,25897.35,339500
2026-01-14,25665.6,25791.75,25603.95,25648.55,393100
2026-01-16,25694.35,25873.5,25662.4,25696.05,434000
2026-01-19,25585.5,25653.3,25494.35,25653.1,443100
2026-01-20,25232.5,25585.0,25171.35,25580.3,409800
2026-01-21,25157.5,25300.95,24919.8,25141.0,395600
2026-01-22,25289.9,25435.75,25168.5,25344.15,486400
2026-01-23,25048.65,25347.95,25025.3,25344.6,393900
2026-01-27,25175.4,25246.65,24932.55,25063.35,618700
2026-01-28,25342.75,25372.1,25187.65,25258.85,574900
2026-01-29,25418.9,25458.15,25159.8,25345.0,582400
2026-01-30,25320.65,25370.7,25213.65,25247.55,508400
2026-02-02,25088.4,25108.1,24679.4,24796.5,449200
2026-02-03,25727.55,26341.2,25641.3,26308.05,637300
2026-02-04,25776.0,25818.55,25563.95,25675.05,429800
2026-02-05,25642.8,25757.65,25579.5,25755.9,343800
2026-02-06,25693.7,25703.95,25491.9,25605.8,375500
2026-02-09,25867.3,25922.25,25780.9,25888.7,359400
2026-02-10,25935.15,25989.45,25870.45,25922.65,460900
2026-02-11,25953.85,26009.4,25899.8,25997.45,331400
2026-02-12,25807.2,25906.7,25752.4,25906.7,419400
2026-02-13,25471.1,25630.35,25444.3,25571.15,453500
2026-02-16,25682.75,25697.0,25372.7,25423.6,275800
2026-02-17,25725.4,25764.4,25570.3,25637.95,344100
2026-02-18,25819.35,25828.05,25645.15,25752.65,310200
2026-02-19,25454.35,25885.3,25388.75,25873.35,298200
2026-02-20,25571.25,25663.55,25379.75,25406.55,296600
2026-02-23,25713.0,25771.45,25609.35,25678.4,313700
2026-02-24,25424.65,25641.8,25327.6,25641.8,439100
2026-02-25,25482.5,25652.6,25428.2,25512.6,414200
2026-02-26,25496.55,25572.95,25400.95,25556.3,405200
2026-02-27,25178.65,25476.4,25141.3,25459.85,438900
2026-03-02,24865.7,24989.35,24603.5,24659.25,519200
2026-03-04,24480.5,24602.45,24305.4,24388.8,599000
2026-03-05,24765.9,24854.2,24529.4,24615.95,504300
2026-03-06,24450.45,24700.9,24415.75,24656.4,433400
2026-03-09,24028.05,24078.15,23697.8,23868.05,526900
2026-03-10,24261.6,24303.8,24079.95,24280.8,444300
2026-03-11,23866.85,24299.0,23834.3,24231.85,407400
2026-03-12,23639.15,23833.15,23556.3,23674.85,501000
2026-03-13,23151.1,23492.4,23112.0,23462.5,519800
2026-03-16,23408.8,23502.0,22955.25,23116.1,540300
2026-03-17,23581.15,23656.8,23346.6,23493.2,458800
2026-03-18,23777.8,23862.25,23618.45,23632.9,382900
2026-03-19,23002.15,23378.7,22930.35,23197.75,550100
2026-03-20,23114.5,23345.15,23067.6,23110.15,663300
2026-03-23,22512.65,22851.7,22471.25,22824.35,550300
2026-03-24,22912.4,23057.3,22624.2,22878.45,538100
2026-03-25,23306.45,23465.35,23063.2,23064.4,505400
2026-03-27,22819.6,23186.1,22804.55,23173.55,612600
2026-03-30,22331.4,22714.1,22283.85,22549.65,698600
2026-04-01,22679.4,22941.3,22618.6,22899.0,518000
2026-04-02,22713.1,22782.3,22182.55,22383.4,495100
2026-04-06,22968.25,22998.35,22542.95,22780.3,426400
2026-04-07,23123.65,23153.85,22719.3,22838.7,477000
2026-04-08,23997.35,24025.15,23828.5,23855.15,639300
2026-04-09,23775.1,23990.75,23682.8,23909.05,466600
2026-04-10,24050.6,24074.05,23856.35,23880.55,481300
2026-04-13,23842.65,23907.4,23555.6,23589.6,488800
2026-04-15,24231.3,24280.9,24145.8,24163.8,460300
2026-04-16,24196.75,24400.95,24102.8,24385.2,508000
2026-04-17,24353.55,24371.9,24096.05,24165.9,498600
2026-04-20,24364.85,24480.65,24241.25,24391.5,415900
2026-04-21,24576.6,24601.7,24354.9,24374.55,425800
2026-04-22,24378.1,24515.95,24352.9,24470.85,440500
2026-04-23,24173.05,24310.2,24134.8,24202.35,467500
2026-04-24,23897.95,24206.0,23813.65,24100.55,438400
2026-04-27,24092.7,24130.7,23936.2,23945.45,430300
2026-04-28,23995.7,24181.8,23957.05,24049.9,554100
2026-04-29,24177.65,24334.7,24059.95,24096.9,531100
2026-04-30,23997.55,24087.45,23796.85,23996.95,505500
2026-05-04,24119.3,24290.2,24004.75,24063.55,419100
2026-05-05,24032.8,24081.7,23882.05,24052.6,363300
2026-05-06,24330.95,24356.5,23997.9,24171.0,429200
2026-05-07,24326.65,24482.1,24284.0,24398.5,440600
2026-05-08,24176.15,24253.8,24126.65,24233.65,335900
2026-05-11,23815.85,23997.45,23799.1,23970.1,390100
2026-05-12,23379.55,23757.55,23348.4,23722.6,447500
2026-05-13,23412.6,23582.95,23262.55,23362.45,415400
2026-05-14,23689.6,23777.2,23426.55,23530.25,428700
2026-05-15,23643.5,23839.3,23610.3,23731.4,408900
2026-05-18,23649.95,23695.65,23317.1,23482.2,392000
2026-05-19,23618.0,23782.3,23587.2,23675.3,442000
2026-05-20,23659.0,23690.9,23397.3,23457.25,344100
2026-05-21,23654.7,23859.9,23596.6,23830.05,348200
2026-05-22,23719.3,23835.65,23671.0,23671.2,336100
2026-05-25,24031.7,24054.45,23922.85,23940.25,351200
2026-05-26,23913.7,24089.8,23885.45,24004.1,387900
2026-05-27,23907.15,23983.2,23858.25,23880.35,531600
2026-05-29,23547.75,24002.8,23484.75,23902.15,1198000
2026-06-01,23382.6,23733.7,23357.95,23654.5,421700
2026-06-02,23483.55,23556.95,23229.15,23229.15,511900
2026-06-03,23405.6,23459.65,23151.5,23415.95,450100
2026-06-04,23416.55,23465.3,23247.3,23282.45,412500
2026-06-05,23366.7,23516.35,23282.65,23478.95,366200
2026-06-08,23123.0,23267.3,23070.15,23080.7,375700
2026-06-09,23242.1,23279.4,23104.45,23259.05,402600
2026-06-10,23214.95,23425.35,23184.6,23233.95,380000
2026-06-11,23161.6,23327.45,23072.05,23104.4,363000
2026-06-12,23622.9,23645.35,23313.9,23412.55,351900
2026-06-15,23853.9,24011.4,23817.8,23984.85,398900
2026-06-16,23989.15,24002.6,23888.2,23923.9,327300
2026-06-17,24085.7,24108.2,23969.7,24044.5,352700
2026-06-18,24168.0,24189.25,24036.95,24073.8,340000
2026-06-19,24013.1,24047.2,23901.9,23991.2,447900
2026-06-22,24102.9,24168.05,24073.15,24106.6,252800
2026-06-23,23824.1,24135.5,23784.95,24071.3,340100
2026-06-24,24021.65,24090.05,23789.25,23795.8,395600
2026-06-25,24056.0,24261.6,24039.0,24125.85,448800
2026-06-29,23946.25,24120.0,23924.55,24061.75,588500
2026-06-30,23865.75,24035.55,23829.2,24032.05,449000
2026-07-01,24005.85,24049.9,23895.1,23897.65,352100
2026-07-02,24175.7,24194.55,24058.8,24062.2,372900
2026-07-03,24270.85,24378.15,24252.35,24375.65,326600
2026-07-06,24430.35,24458.65,24287.1,24306.85,329400
2026-07-07,24398.7,24530.9,24348.95,24464.45,412600
2026-07-08,23882.05,24300.0,23805.2,24259.55,420500
2026-07-09,23962.8,24134.7,23925.7,23928.95,384800
2026-07-10,24206.9,24228.45,24120.35,24124.7,313100
2026-07-13,24211.0,24259.8,24000.2,24039.4,322700
2026-07-14,24052.05,24157.1,24023.7,24068.0,355800
2026-07-15,24078.5,24220.35,24010.55,24085.85,306900
2026-07-16,24072.75,24186.5,24050.0,24142.1,264300
2026-07-17,24334.3,24367.3,24099.05,24127.6,387800
2026-07-20,24238.5,24266.1,24135.85,24190.05,353100
2026-07-21,24187.7,24262.2,24135.65,24216.05,315600
2026-07-22,23996.25,24166.3,23961.4,24150.45,304700
2026-07-23,23869.6,23990.75,23807.2,23904.8,344000
2026-07-24,23767.45,23823.6,23606.3,23666.35,333900
2026-07-27,23995.95,24011.6,23891.55,23928.4,319400
2026-07-28,23985.35,24041.15,23954.6,23971.25,437800
2026-07-29,24250.2,24283.55,24136.75,24176.65,424200
2026-07-30,24317.15,24342.95,24187.1,24249.55,400600
2026-07-31,24383.6,24429.4,24299.7,24361.45,411700
2026-08-03,24774.3,24774.3,24515.15,24572.7,342300
2026-08-04,24614.9,24703.9,24427.95,24703.9,296500
2026-08-05,24624.65,24677.6,24497.95,24669.2,355500
2026-08-06,24636.0,24677.05,24604.15,24641.0,344000
2026-08-07,24570.65,24630.4,24522.75,24538.9,254800
